{
  "model/models.js": 1687799935944,
  "controller/View1.controller.js": 1687807068910,
  "i18n/i18n.properties": 1687799935944,
  "manifest.json": 1687869563948,
  "controller/App.controller.js": 1687799935948,
  "Component.js": 1687799935940,
  "Component-preload.js": 1687869564752,
  "model/models-dbg.js": 1687799935944,
  "controller/View1-dbg.controller.js": 1687807068910,
  "controller/App-dbg.controller.js": 1687799935948,
  "Component-dbg.js": 1687799935940,
  "view/View1.view.xml": 1687806671455,
  "view/App.view.xml": 1687799935952,
  "css/style.css": 1687799935952,
  "index.html": 1687799935940
}